{
  "name": "react",
  "version": "1.0.0",
  "description": "",
  "keywords": [],
  "main": "src/index.tsx",
  "dependencies": {
    "react": "^19.0.0",
    "react-dom": "^19.0.0",
    "react-scripts": "^5.0.0",
    "tailwindcss": "4.1.3",
    "react-router-dom": "7.5.0",
    "lucide-react": "0.488.0",
    "framer-motion": "12.7.1",
    "class-variance-authority": "0.7.1",
    "axios": "1.8.4"
  },
  "devDependencies": {
    "@types/react": "19.0.0",
    "@types/react-dom": "19.0.0",
    "loader-utils": "3.2.1",
    "typescript": "5.7.2"
  },
  "scripts": {
    "start": "react-scripts start",
    "build": "react-scripts build",
    "test": "react-scripts test --env=jsdom",
    "eject": "react-scripts eject"
  },
  "browserslist": [
    ">0.2%",
    "not dead",
    "not ie <= 11",
    "not op_mini all"
  ]
}